{
	"__comment": "Designed by MrZoom31 with Cubik Studio - https://cubik.studio",
	"textures": {
		"diamond_sword": "items/diamond_sword"
	},
	"elements": [ 	 
		{
			"__comment": "Voxels",
			"from": [ 2, 8, 15 ],
			"to": [ 15, 11, 16 ],
			"faces": {
				"down": { "uv": [ 3.25, 12.25, 6.5, 12.5 ], "texture": "#diamond_sword" },
				"up": { "uv": [ 3.25, 16, 6.5, 15.75 ], "texture": "#diamond_sword" },
				"north": { "uv": [ 3.25, 15.25, 0, 16 ], "texture": "#diamond_sword" },
				"south": { "uv": [ 0, 14.5, 3.25, 15.25 ], "texture": "#diamond_sword" },
				"west": { "uv": [ 6.25, 8.25, 6.5, 9 ], "texture": "#diamond_sword" },
				"east": { "uv": [ 7.5, 10.5, 7.25, 11.25 ], "texture": "#diamond_sword" }
			}
		},
		{
			"__comment": "Voxels",
			"from": [ 2, 9, 14 ],
			"to": [ 4, 10, 15 ],
			"faces": {
				"down": { "uv": [ 2.75, 11.5, 3.25, 11.75 ], "texture": "#diamond_sword" },
				"up": { "uv": [ 6, 10.75, 6.5, 10.5 ], "texture": "#diamond_sword" },
				"north": { "uv": [ 6.5, 10.25, 6, 10.5 ], "texture": "#diamond_sword" },
				"south": { "uv": [ 6, 10, 6.5, 10.25 ], "texture": "#diamond_sword" },
				"west": { "uv": [ 9.5, 13.75, 9.75, 14 ], "texture": "#diamond_sword" },
				"east": { "uv": [ 9.75, 13.5, 9.5, 13.75 ], "texture": "#diamond_sword" }
			}
		},
		{
			"__comment": "Voxels",
			"from": [ 3, 8, 14 ],
			"to": [ 4, 9, 15 ],
			"faces": {
				"down": { "uv": [ 9.5, 8, 9.75, 8.25 ], "texture": "#diamond_sword" },
				"up": { "uv": [ 12.75, 14.5, 13, 14.25 ], "texture": "#diamond_sword" },
				"north": { "uv": [ 13.25, 14.25, 13, 14.5 ], "texture": "#diamond_sword" },
				"south": { "uv": [ 13.75, 14.25, 14, 14.5 ], "texture": "#diamond_sword" },
				"west": { "uv": [ 3.75, 12.5, 4, 12.75 ], "texture": "#diamond_sword" },
				"east": { "uv": [ 4.25, 12.5, 4, 12.75 ], "texture": "#diamond_sword" }
			}
		},
		{
			"__comment": "Voxels",
			"from": [ 3, 9, -16 ],
			"to": [ 5, 10, -14 ],
			"faces": {
				"down": { "uv": [ 2.75, 10.25, 3.25, 10.75 ], "texture": "#diamond_sword" },
				"up": { "uv": [ 7.5, 11.25, 8, 10.75 ], "texture": "#diamond_sword" },
				"north": { "uv": [ 16, 15, 15.5, 15.25 ], "texture": "#diamond_sword" },
				"south": { "uv": [ 15.5, 14.75, 16, 15 ], "texture": "#diamond_sword" },
				"west": { "uv": [ 8.75, 13.75, 9.25, 14 ], "texture": "#diamond_sword" },
				"east": { "uv": [ 9.25, 13.5, 8.75, 13.75 ], "texture": "#diamond_sword" }
			}
		},
		{
			"__comment": "Voxels",
			"from": [ 3, 9, 16 ],
			"to": [ 14, 10, 17 ],
			"faces": {
				"down": { "uv": [ 3.25, 10.5, 6, 10.75 ], "texture": "#diamond_sword" },
				"up": { "uv": [ 3.25, 10.5, 6, 10.25 ], "texture": "#diamond_sword" },
				"north": { "uv": [ 6, 10, 3.25, 10.25 ], "texture": "#diamond_sword" },
				"south": { "uv": [ 3.25, 9.75, 6, 10 ], "texture": "#diamond_sword" },
				"west": { "uv": [ 6.25, 11.5, 6.5, 11.75 ], "texture": "#diamond_sword" },
				"east": { "uv": [ 6.5, 11.25, 6.25, 11.5 ], "texture": "#diamond_sword" }
			}
		},
		{
			"__comment": "Voxels",
			"from": [ 3, 10, 14 ],
			"to": [ 4, 11, 15 ],
			"faces": {
				"down": { "uv": [ 6.25, 11, 6.5, 11.25 ], "texture": "#diamond_sword" },
				"up": { "uv": [ 6.25, 11, 6.5, 10.75 ], "texture": "#diamond_sword" },
				"north": { "uv": [ 9.25, 11, 9, 11.25 ], "texture": "#diamond_sword" },
				"south": { "uv": [ 6.25, 9.5, 6.5, 9.75 ], "texture": "#diamond_sword" },
				"west": { "uv": [ 6.25, 9.25, 6.5, 9.5 ], "texture": "#diamond_sword" },
				"east": { "uv": [ 6.5, 9, 6.25, 9.25 ], "texture": "#diamond_sword" }
			}
		},
		{
			"__comment": "Voxels",
			"from": [ 4, 8, -15 ],
			"to": [ 5, 9, -14 ],
			"faces": {
				"down": { "uv": [ 6.25, 8, 6.5, 8.25 ], "texture": "#diamond_sword" },
				"up": { "uv": [ 15.75, 16, 16, 15.75 ], "texture": "#diamond_sword" },
				"north": { "uv": [ 9, 12.5, 8.75, 12.75 ], "texture": "#diamond_sword" },
				"south": { "uv": [ 10.25, 14, 10.5, 14.25 ], "texture": "#diamond_sword" },
				"west": { "uv": [ 9, 12.5, 9.25, 12.75 ], "texture": "#diamond_sword" },
				"east": { "uv": [ 9, 12.25, 8.75, 12.5 ], "texture": "#diamond_sword" }
			}
		},
		{
			"__comment": "Voxels",
			"from": [ 4, 8, 16 ],
			"to": [ 13, 9, 17 ],
			"faces": {
				"down": { "uv": [ 3.25, 9.5, 5.5, 9.75 ], "texture": "#diamond_sword" },
				"up": { "uv": [ 3.25, 9.5, 5.5, 9.25 ], "texture": "#diamond_sword" },
				"north": { "uv": [ 5.5, 8.5, 3.25, 8.75 ], "texture": "#diamond_sword" },
				"south": { "uv": [ 4.25, 15, 6.5, 15.25 ], "texture": "#diamond_sword" },
				"west": { "uv": [ 9, 12.25, 9.25, 12.5 ], "texture": "#diamond_sword" },
				"east": { "uv": [ 9, 12, 8.75, 12.25 ], "texture": "#diamond_sword" }
			}
		},
		{
			"__comment": "Voxels",
			"from": [ 4, 9, -14 ],
			"to": [ 7, 10, -11 ],
			"faces": {
				"down": { "uv": [ 4.25, 12.5, 5, 13.25 ], "texture": "#diamond_sword" },
				"up": { "uv": [ 4.25, 14, 5, 13.25 ], "texture": "#diamond_sword" },
				"north": { "uv": [ 8.75, 9.5, 8, 9.75 ], "texture": "#diamond_sword" },
				"south": { "uv": [ 8, 9.25, 8.75, 9.5 ], "texture": "#diamond_sword" },
				"west": { "uv": [ 8, 9, 8.75, 9.25 ], "texture": "#diamond_sword" },
				"east": { "uv": [ 8.75, 8.75, 8, 9 ], "texture": "#diamond_sword" }
			}
		},
		{
			"__comment": "Voxels",
			"from": [ 4, 10, -15 ],
			"to": [ 5, 11, -14 ],
			"faces": {
				"down": { "uv": [ 9, 12, 9.25, 12.25 ], "texture": "#diamond_sword" },
				"up": { "uv": [ 8.75, 12, 9, 11.75 ], "texture": "#diamond_sword" },
				"north": { "uv": [ 9.25, 11.75, 9, 12 ], "texture": "#diamond_sword" },
				"south": { "uv": [ 8.75, 11.5, 9, 11.75 ], "texture": "#diamond_sword" },
				"west": { "uv": [ 9, 11.5, 9.25, 11.75 ], "texture": "#diamond_sword" },
				"east": { "uv": [ 9, 11.25, 8.75, 11.5 ], "texture": "#diamond_sword" }
			}
		},
		{
			"__comment": "Voxels",
			"from": [ 4, 10, 16 ],
			"to": [ 13, 11, 17 ],
			"faces": {
				"down": { "uv": [ 3.25, 8, 5.5, 8.25 ], "texture": "#diamond_sword" },
				"up": { "uv": [ 3.25, 8.5, 5.5, 8.25 ], "texture": "#diamond_sword" },
				"north": { "uv": [ 5.5, 8.75, 3.25, 9 ], "texture": "#diamond_sword" },
				"south": { "uv": [ 3.25, 9, 5.5, 9.25 ], "texture": "#diamond_sword" },
				"west": { "uv": [ 9, 11.25, 9.25, 11.5 ], "texture": "#diamond_sword" },
				"east": { "uv": [ 9, 11, 8.75, 11.25 ], "texture": "#diamond_sword" }
			}
		},
		{
			"__comment": "Voxels",
			"from": [ 5, 8, -14 ],
			"to": [ 6, 9, -11 ],
			"faces": {
				"down": { "uv": [ 9.25, 12.5, 9.5, 13.25 ], "texture": "#diamond_sword" },
				"up": { "uv": [ 7.75, 10, 8, 9.25 ], "texture": "#diamond_sword" },
				"north": { "uv": [ 11.25, 14.25, 11, 14.5 ], "texture": "#diamond_sword" },
				"south": { "uv": [ 10.75, 14.25, 11, 14.5 ], "texture": "#diamond_sword" },
				"west": { "uv": [ 9.5, 14.5, 10.25, 14.75 ], "texture": "#diamond_sword" },
				"east": { "uv": [ 8.75, 8, 8, 8.25 ], "texture": "#diamond_sword" }
			}
		},
		{
			"__comment": "Voxels",
			"from": [ 5, 9, -15 ],
			"to": [ 6, 10, -14 ],
			"faces": {
				"down": { "uv": [ 9.5, 12.5, 9.75, 12.75 ], "texture": "#diamond_sword" },
				"up": { "uv": [ 9.5, 13, 9.75, 12.75 ], "texture": "#diamond_sword" },
				"north": { "uv": [ 16, 14.5, 15.75, 14.75 ], "texture": "#diamond_sword" },
				"south": { "uv": [ 15.5, 14.5, 15.75, 14.75 ], "texture": "#diamond_sword" },
				"west": { "uv": [ 14.75, 14.5, 15, 14.75 ], "texture": "#diamond_sword" },
				"east": { "uv": [ 14.75, 14.5, 14.5, 14.75 ], "texture": "#diamond_sword" }
			}
		},
		{
			"__comment": "Voxels",
			"from": [ 5, 9, -11 ],
			"to": [ 8, 10, -6 ],
			"faces": {
				"down": { "uv": [ 0, 10.25, 0.75, 11.5 ], "texture": "#diamond_sword" },
				"up": { "uv": [ 0, 10.25, 0.75, 9 ], "texture": "#diamond_sword" },
				"north": { "uv": [ 8.75, 12.5, 8, 12.75 ], "texture": "#diamond_sword" },
				"south": { "uv": [ 8, 13.25, 8.75, 13.5 ], "texture": "#diamond_sword" },
				"west": { "uv": [ 14.75, 15.5, 16, 15.75 ], "texture": "#diamond_sword" },
				"east": { "uv": [ 13.5, 15.25, 12.25, 15.5 ], "texture": "#diamond_sword" }
			}
		},
		{
			"__comment": "Voxels",
			"from": [ 5, 9, 17 ],
			"to": [ 12, 10, 18 ],
			"faces": {
				"down": { "uv": [ 9.5, 15.5, 11.25, 15.75 ], "texture": "#diamond_sword" },
				"up": { "uv": [ 11.25, 15.75, 13, 15.5 ], "texture": "#diamond_sword" },
				"north": { "uv": [ 14.75, 15.5, 13, 15.75 ], "texture": "#diamond_sword" },
				"south": { "uv": [ 7.5, 15.25, 9.25, 15.5 ], "texture": "#diamond_sword" },
				"west": { "uv": [ 10.5, 14, 10.75, 14.25 ], "texture": "#diamond_sword" },
				"east": { "uv": [ 9.25, 8.5, 9, 8.75 ], "texture": "#diamond_sword" }
			}
		},
		{
			"__comment": "Voxels",
			"from": [ 5, 10, -14 ],
			"to": [ 6, 11, -12 ],
			"faces": {
				"down": { "uv": [ 9.25, 10.5, 9.5, 11 ], "texture": "#diamond_sword" },
				"up": { "uv": [ 9, 8.5, 9.25, 8 ], "texture": "#diamond_sword" },
				"north": { "uv": [ 9, 8.5, 8.75, 8.75 ], "texture": "#diamond_sword" },
				"south": { "uv": [ 12.75, 14.5, 13, 14.75 ], "texture": "#diamond_sword" },
				"west": { "uv": [ 8.75, 13.25, 9.25, 13.5 ], "texture": "#diamond_sword" },
				"east": { "uv": [ 6.5, 9.75, 6, 10 ], "texture": "#diamond_sword" }
			}
		},
		{
			"__comment": "Voxels",
			"from": [ 6, 7, 15 ],
			"to": [ 11, 8, 18 ],
			"faces": {
				"down": { "uv": [ 1.5, 11.75, 2.75, 12.5 ], "texture": "#diamond_sword" },
				"up": { "uv": [ 1.5, 11.5, 2.75, 10.75 ], "texture": "#diamond_sword" },
				"north": { "uv": [ 14.75, 15.25, 13.5, 15.5 ], "texture": "#diamond_sword" },
				"south": { "uv": [ 14.75, 15.25, 16, 15.5 ], "texture": "#diamond_sword" },
				"west": { "uv": [ 8, 11.25, 8.75, 11.5 ], "texture": "#diamond_sword" },
				"east": { "uv": [ 8.75, 11.5, 8, 11.75 ], "texture": "#diamond_sword" }
			}
		},
		{
			"__comment": "Voxels",
			"from": [ 6, 8, -12 ],
			"to": [ 7, 9, -6 ],
			"faces": {
				"down": { "uv": [ 6.5, 8, 6.75, 9.5 ], "texture": "#diamond_sword" },
				"up": { "uv": [ 6.75, 12.75, 7, 11.25 ], "texture": "#diamond_sword" },
				"north": { "uv": [ 9.25, 9.5, 9, 9.75 ], "texture": "#diamond_sword" },
				"south": { "uv": [ 8.75, 9.5, 9, 9.75 ], "texture": "#diamond_sword" },
				"west": { "uv": [ 10.75, 15.25, 12.25, 15.5 ], "texture": "#diamond_sword" },
				"east": { "uv": [ 10.75, 15.25, 9.25, 15.5 ], "texture": "#diamond_sword" }
			}
		},
		{
			"__comment": "Voxels",
			"from": [ 6, 8, 14 ],
			"to": [ 11, 11, 15 ],
			"faces": {
				"down": { "uv": [ 8, 15, 9.25, 15.25 ], "texture": "#diamond_sword" },
				"up": { "uv": [ 9.25, 15.25, 10.5, 15 ], "texture": "#diamond_sword" },
				"north": { "uv": [ 2, 9.5, 0.75, 10.25 ], "texture": "#diamond_sword" },
				"south": { "uv": [ 2, 9.5, 3.25, 10.25 ], "texture": "#diamond_sword" },
				"west": { "uv": [ 7.5, 9.25, 7.75, 10 ], "texture": "#diamond_sword" },
				"east": { "uv": [ 8, 10, 7.75, 10.75 ], "texture": "#diamond_sword" }
			}
		},
		{
			"__comment": "Voxels",
			"from": [ 6, 8, 17 ],
			"to": [ 11, 9, 18 ],
			"faces": {
				"down": { "uv": [ 10.5, 15, 11.75, 15.25 ], "texture": "#diamond_sword" },
				"up": { "uv": [ 11.75, 15.25, 13, 15 ], "texture": "#diamond_sword" },
				"north": { "uv": [ 14.25, 15, 13, 15.25 ], "texture": "#diamond_sword" },
				"south": { "uv": [ 14.25, 14.75, 15.5, 15 ], "texture": "#diamond_sword" },
				"west": { "uv": [ 9, 9.75, 9.25, 10 ], "texture": "#diamond_sword" },
				"east": { "uv": [ 9, 9.75, 8.75, 10 ], "texture": "#diamond_sword" }
			}
		},
		{
			"__comment": "Voxels",
			"from": [ 6, 8, 21 ],
			"to": [ 9, 11, 23 ],
			"faces": {
				"down": { "uv": [ 6.75, 13.75, 7.5, 14.25 ], "texture": "#diamond_sword" },
				"up": { "uv": [ 6.75, 14.75, 7.5, 14.25 ], "texture": "#diamond_sword" },
				"north": { "uv": [ 6.5, 12.5, 5.75, 13.25 ], "texture": "#diamond_sword" },
				"south": { "uv": [ 5.75, 13.25, 6.5, 14 ], "texture": "#diamond_sword" },
				"west": { "uv": [ 7.5, 13.75, 8, 14.5 ], "texture": "#diamond_sword" },
				"east": { "uv": [ 8, 14.5, 7.5, 15.25 ], "texture": "#diamond_sword" }
			}
		},
		{
			"__comment": "Voxels",
			"from": [ 6, 8, 23 ],
			"to": [ 8, 11, 26 ],
			"faces": {
				"down": { "uv": [ 6.75, 8.25, 7.25, 9 ], "texture": "#diamond_sword" },
				"up": { "uv": [ 6.75, 9.75, 7.25, 9 ], "texture": "#diamond_sword" },
				"north": { "uv": [ 7.25, 9.75, 6.75, 10.5 ], "texture": "#diamond_sword" },
				"south": { "uv": [ 6.75, 10.5, 7.25, 11.25 ], "texture": "#diamond_sword" },
				"west": { "uv": [ 5.5, 8.25, 6.25, 9 ], "texture": "#diamond_sword" },
				"east": { "uv": [ 7.5, 15.25, 6.75, 16 ], "texture": "#diamond_sword" }
			}
		},
		{
			"__comment": "Voxels",
			"from": [ 6, 8, 28 ],
			"to": [ 11, 11, 29 ],
			"faces": {
				"down": { "uv": [ 14.25, 15, 15.5, 15.25 ], "texture": "#diamond_sword" },
				"up": { "uv": [ 8, 15, 9.25, 14.75 ], "texture": "#diamond_sword" },
				"north": { "uv": [ 2.75, 8, 1.5, 8.75 ], "texture": "#diamond_sword" },
				"south": { "uv": [ 1.5, 8.75, 2.75, 9.5 ], "texture": "#diamond_sword" },
				"west": { "uv": [ 7.5, 10, 7.75, 10.75 ], "texture": "#diamond_sword" },
				"east": { "uv": [ 7.5, 8.25, 7.25, 9 ], "texture": "#diamond_sword" }
			}
		},
		{
			"__comment": "Voxels",
			"from": [ 6, 9, -6 ],
			"to": [ 9, 10, 2 ],
			"faces": {
				"down": { "uv": [ 1.5, 12.5, 2.25, 14.5 ], "texture": "#diamond_sword" },
				"up": { "uv": [ 2.25, 14.5, 3, 12.5 ], "texture": "#diamond_sword" },
				"north": { "uv": [ 8.75, 12.75, 8, 13 ], "texture": "#diamond_sword" },
				"south": { "uv": [ 8, 13, 8.75, 13.25 ], "texture": "#diamond_sword" },
				"west": { "uv": [ 7.5, 15.5, 9.5, 15.75 ], "texture": "#diamond_sword" },
				"east": { "uv": [ 11.75, 15.75, 9.75, 16 ], "texture": "#diamond_sword" }
			}
		},
		{
			"__comment": "Voxels",
			"from": [ 6, 10, -12 ],
			"to": [ 7, 11, -7 ],
			"faces": {
				"down": { "uv": [ 7.5, 12.5, 7.75, 13.75 ], "texture": "#diamond_sword" },
				"up": { "uv": [ 7.75, 13.75, 8, 12.5 ], "texture": "#diamond_sword" },
				"north": { "uv": [ 9.25, 10.25, 9, 10.5 ], "texture": "#diamond_sword" },
				"south": { "uv": [ 8.75, 10.25, 9, 10.5 ], "texture": "#diamond_sword" },
				"west": { "uv": [ 9.25, 14.75, 10.5, 15 ], "texture": "#diamond_sword" },
				"east": { "uv": [ 11.75, 14.75, 10.5, 15 ], "texture": "#diamond_sword" }
			}
		},
		{
			"__comment": "Voxels",
			"from": [ 6, 10, 17 ],
			"to": [ 11, 12, 18 ],
			"faces": {
				"down": { "uv": [ 11.75, 14.75, 13, 15 ], "texture": "#diamond_sword" },
				"up": { "uv": [ 13, 15, 14.25, 14.75 ], "texture": "#diamond_sword" },
				"north": { "uv": [ 2.75, 10.25, 1.5, 10.75 ], "texture": "#diamond_sword" },
				"south": { "uv": [ 4.25, 15.25, 5.5, 15.75 ], "texture": "#diamond_sword" },
				"west": { "uv": [ 7.75, 8, 8, 8.5 ], "texture": "#diamond_sword" },
				"east": { "uv": [ 7.75, 8, 7.5, 8.5 ], "texture": "#diamond_sword" }
			}
		},
		{
			"__comment": "Voxels",
			"from": [ 6, 11, 16 ],
			"to": [ 11, 12, 17 ],
			"faces": {
				"down": { "uv": [ 1.5, 11.5, 2.75, 11.75 ], "texture": "#diamond_sword" },
				"up": { "uv": [ 8, 14.75, 9.25, 14.5 ], "texture": "#diamond_sword" },
				"north": { "uv": [ 9.25, 14.25, 8, 14.5 ], "texture": "#diamond_sword" },
				"south": { "uv": [ 8, 14, 9.25, 14.25 ], "texture": "#diamond_sword" },
				"west": { "uv": [ 8.75, 10.75, 9, 11 ], "texture": "#diamond_sword" },
				"east": { "uv": [ 9.25, 10.75, 9, 11 ], "texture": "#diamond_sword" }
			}
		},
		{
			"__comment": "Voxels",
			"from": [ 7, 7, 18 ],
			"to": [ 10, 12, 19 ],
			"faces": {
				"down": { "uv": [ 8, 9.75, 8.75, 10 ], "texture": "#diamond_sword" },
				"up": { "uv": [ 10.25, 14.75, 11, 14.5 ], "texture": "#diamond_sword" },
				"north": { "uv": [ 1.5, 8.25, 0.75, 9.5 ], "texture": "#diamond_sword" },
				"south": { "uv": [ 0.75, 10.25, 1.5, 11.5 ], "texture": "#diamond_sword" },
				"west": { "uv": [ 7.5, 11.25, 7.75, 12.5 ], "texture": "#diamond_sword" },
				"east": { "uv": [ 8, 11.25, 7.75, 12.5 ], "texture": "#diamond_sword" }
			}
		},
		{
			"__comment": "Voxels",
			"from": [ 7, 7, 28 ],
			"to": [ 10, 8, 29 ],
			"faces": {
				"down": { "uv": [ 0.75, 8, 1.5, 8.25 ], "texture": "#diamond_sword" },
				"up": { "uv": [ 5.5, 9.75, 6.25, 9.5 ], "texture": "#diamond_sword" },
				"north": { "uv": [ 6.25, 9.25, 5.5, 9.5 ], "texture": "#diamond_sword" },
				"south": { "uv": [ 5.5, 9, 6.25, 9.25 ], "texture": "#diamond_sword" },
				"west": { "uv": [ 8.75, 10.5, 9, 10.75 ], "texture": "#diamond_sword" },
				"east": { "uv": [ 9.25, 10.5, 9, 10.75 ], "texture": "#diamond_sword" }
			}
		},
		{
			"__comment": "Voxels",
			"from": [ 7, 8, -7 ],
			"to": [ 8, 9, 2 ],
			"faces": {
				"down": { "uv": [ 6.5, 11.5, 6.75, 13.75 ], "texture": "#diamond_sword" },
				"up": { "uv": [ 6.5, 16, 6.75, 13.75 ], "texture": "#diamond_sword" },
				"north": { "uv": [ 9, 10, 8.75, 10.25 ], "texture": "#diamond_sword" },
				"south": { "uv": [ 9, 10, 9.25, 10.25 ], "texture": "#diamond_sword" },
				"west": { "uv": [ 4.25, 14.75, 6.5, 15 ], "texture": "#diamond_sword" },
				"east": { "uv": [ 9.75, 15.75, 7.5, 16 ], "texture": "#diamond_sword" }
			}
		},
		{
			"__comment": "Voxels",
			"from": [ 7, 8, 19 ],
			"to": [ 10, 11, 21 ],
			"faces": {
				"down": { "uv": [ 6.75, 14.75, 7.5, 15.25 ], "texture": "#diamond_sword" },
				"up": { "uv": [ 5.5, 15.75, 6.25, 15.25 ], "texture": "#diamond_sword" },
				"north": { "uv": [ 5.75, 12.5, 5, 13.25 ], "texture": "#diamond_sword" },
				"south": { "uv": [ 0, 8.25, 0.75, 9 ], "texture": "#diamond_sword" },
				"west": { "uv": [ 2.75, 11.75, 3.25, 12.5 ], "texture": "#diamond_sword" },
				"east": { "uv": [ 3.25, 10.75, 2.75, 11.5 ], "texture": "#diamond_sword" }
			}
		},
		{
			"__comment": "Voxels",
			"from": [ 7, 8, 26 ],
			"to": [ 10, 11, 28 ],
			"faces": {
				"down": { "uv": [ 6.75, 13.25, 7.5, 13.75 ], "texture": "#diamond_sword" },
				"up": { "uv": [ 6.75, 13.25, 7.5, 12.75 ], "texture": "#diamond_sword" },
				"north": { "uv": [ 5.75, 14, 5, 14.75 ], "texture": "#diamond_sword" },
				"south": { "uv": [ 4.25, 14, 5, 14.75 ], "texture": "#diamond_sword" },
				"west": { "uv": [ 7, 12, 7.5, 12.75 ], "texture": "#diamond_sword" },
				"east": { "uv": [ 7.5, 11.25, 7, 12 ], "texture": "#diamond_sword" }
			}
		},
		{
			"__comment": "Voxels",
			"from": [ 7, 8, 29 ],
			"to": [ 10, 11, 30 ],
			"faces": {
				"down": { "uv": [ 8, 10.5, 8.75, 10.75 ], "texture": "#diamond_sword" },
				"up": { "uv": [ 8, 10.5, 8.75, 10.25 ], "texture": "#diamond_sword" },
				"north": { "uv": [ 6.5, 14, 5.75, 14.75 ], "texture": "#diamond_sword" },
				"south": { "uv": [ 5, 13.25, 5.75, 14 ], "texture": "#diamond_sword" },
				"west": { "uv": [ 7.5, 8.5, 7.75, 9.25 ], "texture": "#diamond_sword" },
				"east": { "uv": [ 8, 8.5, 7.75, 9.25 ], "texture": "#diamond_sword" }
			}
		},
		{
			"__comment": "Voxels",
			"from": [ 7, 9, -12 ],
			"to": [ 8, 10, -11 ],
			"faces": {
				"down": { "uv": [ 8.75, 9.25, 9, 9.5 ], "texture": "#diamond_sword" },
				"up": { "uv": [ 9, 9.5, 9.25, 9.25 ], "texture": "#diamond_sword" },
				"north": { "uv": [ 9, 9, 8.75, 9.25 ], "texture": "#diamond_sword" },
				"south": { "uv": [ 9, 9, 9.25, 9.25 ], "texture": "#diamond_sword" },
				"west": { "uv": [ 8.75, 8.75, 9, 9 ], "texture": "#diamond_sword" },
				"east": { "uv": [ 9.25, 8.75, 9, 9 ], "texture": "#diamond_sword" }
			}
		},
		{
			"__comment": "Voxels",
			"from": [ 7, 9, 2 ],
			"to": [ 10, 10, 14 ],
			"faces": {
				"down": { "uv": [ 0.75, 11.5, 1.5, 14.5 ], "texture": "#diamond_sword" },
				"up": { "uv": [ 0, 14.5, 0.75, 11.5 ], "texture": "#diamond_sword" },
				"north": { "uv": [ 11.75, 14.5, 11, 14.75 ], "texture": "#diamond_sword" },
				"south": { "uv": [ 0, 8, 0.75, 8.25 ], "texture": "#diamond_sword" },
				"west": { "uv": [ 3.25, 11.5, 6.25, 11.75 ], "texture": "#diamond_sword" },
				"east": { "uv": [ 6.25, 11.25, 3.25, 11.5 ], "texture": "#diamond_sword" }
			}
		},
		{
			"__comment": "Voxels",
			"from": [ 7, 9, 30 ],
			"to": [ 10, 10, 31 ],
			"faces": {
				"down": { "uv": [ 5.5, 8, 6.25, 8.25 ], "texture": "#diamond_sword" },
				"up": { "uv": [ 6.75, 8.25, 7.5, 8 ], "texture": "#diamond_sword" },
				"north": { "uv": [ 8.75, 13.75, 8, 14 ], "texture": "#diamond_sword" },
				"south": { "uv": [ 8, 13.5, 8.75, 13.75 ], "texture": "#diamond_sword" },
				"west": { "uv": [ 10.75, 14, 11, 14.25 ], "texture": "#diamond_sword" },
				"east": { "uv": [ 10.25, 14, 10, 14.25 ], "texture": "#diamond_sword" }
			}
		},
		{
			"__comment": "Voxels",
			"from": [ 7, 10, -7 ],
			"to": [ 8, 11, 1 ],
			"faces": {
				"down": { "uv": [ 6.5, 9.5, 6.75, 11.5 ], "texture": "#diamond_sword" },
				"up": { "uv": [ 3, 14.5, 3.25, 12.5 ], "texture": "#diamond_sword" },
				"north": { "uv": [ 9.75, 13.25, 9.5, 13.5 ], "texture": "#diamond_sword" },
				"south": { "uv": [ 9.5, 13, 9.75, 13.25 ], "texture": "#diamond_sword" },
				"west": { "uv": [ 13.75, 15.75, 15.75, 16 ], "texture": "#diamond_sword" },
				"east": { "uv": [ 13.75, 15.75, 11.75, 16 ], "texture": "#diamond_sword" }
			}
		},
		{
			"__comment": "Voxels",
			"from": [ 7, 11, 15 ],
			"to": [ 10, 12, 16 ],
			"faces": {
				"down": { "uv": [ 8, 12.25, 8.75, 12.5 ], "texture": "#diamond_sword" },
				"up": { "uv": [ 8, 12.25, 8.75, 12 ], "texture": "#diamond_sword" },
				"north": { "uv": [ 8.75, 11.75, 8, 12 ], "texture": "#diamond_sword" },
				"south": { "uv": [ 8, 11, 8.75, 11.25 ], "texture": "#diamond_sword" },
				"west": { "uv": [ 9.75, 14.25, 10, 14.5 ], "texture": "#diamond_sword" },
				"east": { "uv": [ 10.25, 14.25, 10, 14.5 ], "texture": "#diamond_sword" }
			}
		},
		{
			"__comment": "Voxels",
			"from": [ 7, 11, 28 ],
			"to": [ 10, 12, 29 ],
			"faces": {
				"down": { "uv": [ 8, 10.75, 8.75, 11 ], "texture": "#diamond_sword" },
				"up": { "uv": [ 8, 10.25, 8.75, 10 ], "texture": "#diamond_sword" },
				"north": { "uv": [ 8.75, 8.5, 8, 8.75 ], "texture": "#diamond_sword" },
				"south": { "uv": [ 8, 8.25, 8.75, 8.5 ], "texture": "#diamond_sword" },
				"west": { "uv": [ 11.75, 14.5, 12, 14.75 ], "texture": "#diamond_sword" },
				"east": { "uv": [ 12.25, 14.5, 12, 14.75 ], "texture": "#diamond_sword" }
			}
		},
		{
			"__comment": "Voxels",
			"from": [ 8, 7, 13 ],
			"to": [ 9, 9, 14 ],
			"faces": {
				"down": { "uv": [ 12.25, 14.5, 12.5, 14.75 ], "texture": "#diamond_sword" },
				"up": { "uv": [ 12.5, 14.75, 12.75, 14.5 ], "texture": "#diamond_sword" },
				"north": { "uv": [ 9, 8, 8.75, 8.5 ], "texture": "#diamond_sword" },
				"south": { "uv": [ 9.25, 10, 9.5, 10.5 ], "texture": "#diamond_sword" },
				"west": { "uv": [ 6.25, 15.25, 6.5, 15.75 ], "texture": "#diamond_sword" },
				"east": { "uv": [ 9.5, 9.5, 9.25, 10 ], "texture": "#diamond_sword" }
			}
		},
		{
			"__comment": "Voxels",
			"from": [ 8, 7, 14 ],
			"to": [ 9, 8, 15 ],
			"faces": {
				"down": { "uv": [ 13, 14.5, 13.25, 14.75 ], "texture": "#diamond_sword" },
				"up": { "uv": [ 13.25, 14.75, 13.5, 14.5 ], "texture": "#diamond_sword" },
				"north": { "uv": [ 13.75, 14.5, 13.5, 14.75 ], "texture": "#diamond_sword" },
				"south": { "uv": [ 13.75, 14.5, 14, 14.75 ], "texture": "#diamond_sword" },
				"west": { "uv": [ 14, 14.5, 14.25, 14.75 ], "texture": "#diamond_sword" },
				"east": { "uv": [ 14.5, 14.5, 14.25, 14.75 ], "texture": "#diamond_sword" }
			}
		},
		{
			"__comment": "Voxels",
			"from": [ 8, 8, 1 ],
			"to": [ 9, 9, 13 ],
			"faces": {
				"down": { "uv": [ 4, 12.75, 4.25, 15.75 ], "texture": "#diamond_sword" },
				"up": { "uv": [ 3.75, 15.75, 4, 12.75 ], "texture": "#diamond_sword" },
				"north": { "uv": [ 15.25, 14.5, 15, 14.75 ], "texture": "#diamond_sword" },
				"south": { "uv": [ 15.25, 14.5, 15.5, 14.75 ], "texture": "#diamond_sword" },
				"west": { "uv": [ 3.25, 10.75, 6.25, 11 ], "texture": "#diamond_sword" },
				"east": { "uv": [ 6.25, 11, 3.25, 11.25 ], "texture": "#diamond_sword" }
			}
		},
		{
			"__comment": "Voxels",
			"from": [ 8, 8, 24 ],
			"to": [ 9, 11, 26 ],
			"faces": {
				"down": { "uv": [ 9.25, 9, 9.5, 9.5 ], "texture": "#diamond_sword" },
				"up": { "uv": [ 9.25, 9, 9.5, 8.5 ], "texture": "#diamond_sword" },
				"north": { "uv": [ 9.5, 14, 9.25, 14.75 ], "texture": "#diamond_sword" },
				"south": { "uv": [ 9.25, 13.25, 9.5, 14 ], "texture": "#diamond_sword" },
				"west": { "uv": [ 2.75, 8, 3.25, 8.75 ], "texture": "#diamond_sword" },
				"east": { "uv": [ 3.25, 8.75, 2.75, 9.5 ], "texture": "#diamond_sword" }
			}
		},
		{
			"__comment": "Voxels",
			"from": [ 8, 8, 30 ],
			"to": [ 9, 9, 31 ],
			"faces": {
				"down": { "uv": [ 9.5, 12.25, 9.75, 12.5 ], "texture": "#diamond_sword" },
				"up": { "uv": [ 9.5, 12.25, 9.75, 12 ], "texture": "#diamond_sword" },
				"north": { "uv": [ 9.75, 11.75, 9.5, 12 ], "texture": "#diamond_sword" },
				"south": { "uv": [ 9.5, 11.5, 9.75, 11.75 ], "texture": "#diamond_sword" },
				"west": { "uv": [ 9.5, 11.25, 9.75, 11.5 ], "texture": "#diamond_sword" },
				"east": { "uv": [ 9.75, 11, 9.5, 11.25 ], "texture": "#diamond_sword" }
			}
		},
		{
			"__comment": "Voxels",
			"from": [ 8, 9, -7 ],
			"to": [ 9, 10, -6 ],
			"faces": {
				"down": { "uv": [ 9.5, 10.75, 9.75, 11 ], "texture": "#diamond_sword" },
				"up": { "uv": [ 9.5, 10.75, 9.75, 10.5 ], "texture": "#diamond_sword" },
				"north": { "uv": [ 9.75, 10.25, 9.5, 10.5 ], "texture": "#diamond_sword" },
				"south": { "uv": [ 9.5, 10, 9.75, 10.25 ], "texture": "#diamond_sword" },
				"west": { "uv": [ 9.5, 9.75, 9.75, 10 ], "texture": "#diamond_sword" },
				"east": { "uv": [ 9.75, 9.5, 9.5, 9.75 ], "texture": "#diamond_sword" }
			}
		},
		{
			"__comment": "Voxels",
			"from": [ 8, 9, 31 ],
			"to": [ 9, 10, 32 ],
			"faces": {
				"down": { "uv": [ 9.5, 9.25, 9.75, 9.5 ], "texture": "#diamond_sword" },
				"up": { "uv": [ 9.5, 9.25, 9.75, 9 ], "texture": "#diamond_sword" },
				"north": { "uv": [ 9.75, 8.75, 9.5, 9 ], "texture": "#diamond_sword" },
				"south": { "uv": [ 9.5, 8.5, 9.75, 8.75 ], "texture": "#diamond_sword" },
				"west": { "uv": [ 9.5, 8.25, 9.75, 8.5 ], "texture": "#diamond_sword" },
				"east": { "uv": [ 14.25, 14.25, 14, 14.5 ], "texture": "#diamond_sword" }
			}
		},
		{
			"__comment": "Voxels",
			"from": [ 8, 10, 1 ],
			"to": [ 9, 11, 14 ],
			"faces": {
				"down": { "uv": [ 3.25, 12.5, 3.5, 15.75 ], "texture": "#diamond_sword" },
				"up": { "uv": [ 3.5, 15.75, 3.75, 12.5 ], "texture": "#diamond_sword" },
				"north": { "uv": [ 10.5, 14.25, 10.25, 14.5 ], "texture": "#diamond_sword" },
				"south": { "uv": [ 10.5, 14.25, 10.75, 14.5 ], "texture": "#diamond_sword" },
				"west": { "uv": [ 3.25, 12, 6.5, 12.25 ], "texture": "#diamond_sword" },
				"east": { "uv": [ 6.5, 11.75, 3.25, 12 ], "texture": "#diamond_sword" }
			}
		},
		{
			"__comment": "Voxels",
			"from": [ 8, 10, 30 ],
			"to": [ 9, 11, 31 ],
			"faces": {
				"down": { "uv": [ 11.25, 14.25, 11.5, 14.5 ], "texture": "#diamond_sword" },
				"up": { "uv": [ 11.5, 14.5, 11.75, 14.25 ], "texture": "#diamond_sword" },
				"north": { "uv": [ 12, 14.25, 11.75, 14.5 ], "texture": "#diamond_sword" },
				"south": { "uv": [ 12, 14.25, 12.25, 14.5 ], "texture": "#diamond_sword" },
				"west": { "uv": [ 12.25, 14.25, 12.5, 14.5 ], "texture": "#diamond_sword" },
				"east": { "uv": [ 12.75, 14.25, 12.5, 14.5 ], "texture": "#diamond_sword" }
			}
		},
		{
			"__comment": "Voxels",
			"from": [ 8, 11, 13 ],
			"to": [ 9, 12, 15 ],
			"faces": {
				"down": { "uv": [ 9.25, 8, 9.5, 8.5 ], "texture": "#diamond_sword" },
				"up": { "uv": [ 9.5, 14.5, 9.75, 14 ], "texture": "#diamond_sword" },
				"north": { "uv": [ 13.5, 14.25, 13.25, 14.5 ], "texture": "#diamond_sword" },
				"south": { "uv": [ 13.5, 14.25, 13.75, 14.5 ], "texture": "#diamond_sword" },
				"west": { "uv": [ 8.75, 12.75, 9.25, 13 ], "texture": "#diamond_sword" },
				"east": { "uv": [ 9.25, 13, 8.75, 13.25 ], "texture": "#diamond_sword" }
			}
		},
		{
			"__comment": "Voxels",
			"from": [ 9, 9, 1 ],
			"to": [ 10, 10, 2 ],
			"faces": {
				"down": { "uv": [ 14.25, 14.25, 14.5, 14.5 ], "texture": "#diamond_sword" },
				"up": { "uv": [ 14.5, 14.5, 14.75, 14.25 ], "texture": "#diamond_sword" },
				"north": { "uv": [ 15, 14.25, 14.75, 14.5 ], "texture": "#diamond_sword" },
				"south": { "uv": [ 15, 14.25, 15.25, 14.5 ], "texture": "#diamond_sword" },
				"west": { "uv": [ 15.25, 14.25, 15.5, 14.5 ], "texture": "#diamond_sword" },
				"east": { "uv": [ 15.75, 14.25, 15.5, 14.5 ], "texture": "#diamond_sword" }
			}
		},
		{
			"__comment": "Voxels",
			"from": [ 13, 8, 14 ],
			"to": [ 14, 11, 15 ],
			"faces": {
				"down": { "uv": [ 15.75, 14.25, 16, 14.5 ], "texture": "#diamond_sword" },
				"up": { "uv": [ 9.75, 14.25, 10, 14 ], "texture": "#diamond_sword" },
				"north": { "uv": [ 9.5, 11.75, 9.25, 12.5 ], "texture": "#diamond_sword" },
				"south": { "uv": [ 9.25, 11, 9.5, 11.75 ], "texture": "#diamond_sword" },
				"west": { "uv": [ 7.25, 9.75, 7.5, 10.5 ], "texture": "#diamond_sword" },
				"east": { "uv": [ 7.5, 9, 7.25, 9.75 ], "texture": "#diamond_sword" }
			}
		},
		{
			"__comment": "Voxels",
			"from": [ 14, 9, 14 ],
			"to": [ 15, 10, 15 ],
			"faces": {
				"down": { "uv": [ 11, 14, 11.25, 14.25 ], "texture": "#diamond_sword" },
				"up": { "uv": [ 11.25, 14.25, 11.5, 14 ], "texture": "#diamond_sword" },
				"north": { "uv": [ 11.75, 14, 11.5, 14.25 ], "texture": "#diamond_sword" },
				"south": { "uv": [ 11.75, 14, 12, 14.25 ], "texture": "#diamond_sword" },
				"west": { "uv": [ 12, 14, 12.25, 14.25 ], "texture": "#diamond_sword" },
				"east": { "uv": [ 12.5, 14, 12.25, 14.25 ], "texture": "#diamond_sword" }
			}
		}
	],
	"display": {
		"thirdperson_righthand": {
			"rotation":  [ 90, 0, -90 ],
			"translation":  [ -0.5, 9, 1.77 ],
			"scale":  [ 0.8, 0.6, 0.7 ]
		},
		"thirdperson_lefthand": {
			"rotation":  [ 90, 0, 90 ],
			"translation":  [ 0.8, 9, 1.77 ],
			"scale":  [ 0.8, 0.6, 0.7 ]
		},
		"firstperson_righthand": {
			"rotation":  [ 79, 0, -120 ],
			"translation":  [ 20, 6, -30 ],
			"scale":  [ 1.5, 1.6, 1.7 ]
		},
		"firstperson_lefthand": {
			"rotation":  [ 79, 0, 80 ],
			"translation":  [ 20, 6, -30 ],
			"scale":  [ 1.5, 1.6, 1.7 ]
		},
		"gui": {
			"rotation":  [ 90, -50, 0 ],
			"translation":  [ 0, -0.5, 0 ],
			"scale":  [ 0.4, 0.4, 0.4 ]
		},
		"ground": {
			"scale":  [ 1.4, 1.4, 1.4 ]
		},
		"fixed": {
			"rotation":  [ 90, 0, 0 ],
			"translation":  [ 0, 4, -5 ],
			"scale":  [ 2, 2, 2 ]
		}
	}
}